Feature,OriginalValue,TransformedValue
Prev Expenditure,390000.0,-0.5832946915104378
Prev Income,,-0.49703737128657144
Prev Squad Value,850000.0,-1.4899348545166988
Prev Avg. Squad Age,27.9,1.6565980982710407
Prev Goals For,89.0,2.2839530595833426
Prev Goals Against,52.0,-0.32117913813493976
Prev Season Result,88.0,1.7130209687656694
Prev Expenditure_missing,0.0,0.0
Prev Income_missing,1.0,1.0
